ew,z,width,depth,ew_snr,chunk,z_chunk
7.805065123455532,0.011946713457520408,14.548601660332384,0.14329999999999998,3.5036985350245633,0,0.015917066309113492
7.7813383229420685,0.012121523720317162,14.570493992800994,0.15039999999999998,3.487643641074803,0,0.015917066309113492
36.15058885744038,0.02412370503850192,50.362748204036905,0.2629,8.747868007826337,1,0.02408926764664754
7.9315358138114025,0.03382184642277242,14.24077066474279,0.14100000000000001,3.5937369989041965,2,0.0323352143262563
175.0229541852424,0.03493799338061354,121.02298093905506,0.6069,31.489507085369794,2,0.0323352143262563
8.66030151942006,0.03645121129690487,14.228429861707019,0.1602,3.9491898701448394,2,0.0323352143262563
10.58105503660207,0.03731102069085579,14.192856839899953,0.2025,4.933326639777646,3,0.04065490634793978
9.19236044308673,0.04151486000525306,14.15926209258214,0.16310000000000002,4.181250649246836,3,0.04065490634793978
55.73915996281974,0.044067223812184864,77.63895912319904,0.2734,10.791498862580276,3,0.04065490634793978
7.7904034142861915,0.044684667430239466,14.104486276050245,0.14749999999999996,3.4428496944398455,3,0.04065490634793978
9.940039049054949,0.04950392533830872,14.051494712921784,0.18830000000000002,3.8397432696171,4,0.04903596370725616
13.089942678712848,0.04958901174911223,21.05201864989787,0.1612,4.081742848617978,4,0.04903596370725616
38.80465441091781,0.05130159305131965,35.04491704786477,0.33830000000000005,9.076186326162414,4,0.04903596370725616
136.28382295549162,0.05211324345388402,98.04658196208575,0.5448,19.197636639904832,4,0.04903596370725616
10.125527579736403,0.052330845585088825,14.002036014159438,0.1985,3.5024455349535804,4,0.04903596370725616
149.2429864899571,0.05726954888185687,111.50713952705681,0.6158,19.132629287796323,5,0.0574785509225364
263.11087762043985,0.059289804057396145,97.38004351419607,0.9378,38.52469650409474,5,0.0574785509225364
13.99875395095051,0.06245384782926333,13.868584455933405,0.28359999999999996,3.6246750883299224,6,0.06599480122072587
12.775515958832234,0.06521059844917954,13.821169217779342,0.2703,4.085801300637283,6,0.06599480122072587
11.760954077309812,0.07943666105261227,13.638959277707478,0.2531,4.228357062698622,7,0.08323628122763571
10.824191814743328,0.08504359503330217,13.59124772015702,0.20950000000000002,3.6987522422703805,7,0.08323628122763571
10.38536185325444,0.09738400655077695,13.41596503530397,0.23850000000000005,4.110500435362489,9,0.1007358904965987
8.643556304943353,0.09819380647460352,13.406056605260154,0.18210000000000004,3.3533466082299497,9,0.1007358904965987
12.066195662730191,0.09961833629005401,13.399890579751403,0.23650000000000004,4.861214377710614,9,0.1007358904965987
150.40073395496213,0.1059919764077002,93.26843001331663,0.7308,24.84231204881759,10,0.10959623088502624
9.004649202366991,0.10627629973441821,13.319212655341417,0.19279999999999997,3.510909235258056,10,0.10959623088502624
10.109226231742728,0.11276518520312506,13.241547612021417,0.21340000000000003,4.0124956945465255,10,0.10959623088502624
36.64344296766388,0.11700270730900253,32.98374000462189,0.3667,9.817293059289035,11,0.11853031661552893
9.929923478336395,0.11711837701468708,13.201019914514124,0.2047,3.9684932595076985,11,0.11853031661552893
11.709513519765245,0.11740081924984347,19.774451445349765,0.15759999999999996,3.743354658451419,11,0.11853031661552893
12.121872918235777,0.1212330876325618,19.706830547171727,0.1714,3.9586185363581374,11,0.11853031661552893
9.143469513656822,0.12164206209482997,13.147794439959934,0.2077,3.707551340157714,11,0.11853031661552893
36.451253891249614,0.1219316384016067,39.411033780036306,0.28800000000000003,8.866734278213881,11,0.11853031661552893
8.438876627865696,0.12210788444649023,13.142322742946565,0.17679999999999996,3.4057209106893707,11,0.11853031661552893
37.06147808131217,0.12696017974043072,45.75623712470153,0.25,8.608995260800993,12,0.1275381888176892
22.682976931026243,0.12717700492978556,32.67504942211471,0.22809999999999997,6.138841733518003,12,0.1275381888176892
9.495082699004447,0.13928865528435885,12.922495498623306,0.21330000000000005,4.152464269856781,13,0.1366197652323411
181.25405525557895,0.14317232631211296,109.56398010141905,0.6048,33.25217598820442,14,0.14577508698906771
254.49052364659403,0.14469747566868785,109.42890046327659,0.8645,53.18916152485218,14,0.14577508698906771
12.694910308278098,0.14591357061549903,19.28245816596883,0.20640000000000003,4.88146647264967,14,0.14577508698906771
9.134238255665151,0.14609392781149722,12.856490764489905,0.18510000000000004,4.34702800342882,14,0.14577508698906771
