chunk,z_mid,z_sim,good_frac,n_mocks,obs_tau_eff,sim_tau_eff_median,sim_tau_eff_lo,sim_tau_eff_hi,pct_tau_eff,obs_n_absorbers,sim_n_absorbers_median,sim_n_absorbers_lo,sim_n_absorbers_hi,pct_n_absorbers,obs_ew_sum,sim_ew_sum_median,sim_ew_sum_lo,sim_ew_sum_hi,pct_ew_sum,obs_gap_max,sim_gap_max_median,sim_gap_max_lo,sim_gap_max_hi,pct_gap_max
0,0.015917066309113492,2.220446049250313e-16,0.9154078549848943,500,0.008598911099007305,0.024466346970061753,0.008378995813074637,0.055037456580453024,17.2,2.0,1.0,0.0,3.0,54.0,15.5864034463976,86.95558200596207,0.0,350.18343504305045,21.6,2110.8778349903287,1574.352918309989,1093.4274753114094,2198.262679378935,75.4
1,0.02408926764664754,2.220446049250313e-16,0.9161676646706587,500,0.014792863809828227,0.02279143601760359,0.007188458897369303,0.049179124600981165,32.4,1.0,1.0,0.0,3.0,23.200000000000003,36.15058885744038,73.80476811275935,0.0,307.16750591078664,33.0,1163.1736786481401,1539.4041505236744,1101.0359209535386,2201.316744764812,21.0
2,0.0323352143262563,0.04852362998180593,0.7477744807121661,500,0.051843571075283014,0.031227574156704622,0.009010881821860543,0.06823570736352386,73.8,3.0,1.5,0.0,3.0,76.0,191.61479151847385,115.00843318417455,0.0,346.10102630155006,65.0,1228.8906631111845,1227.5094889288835,854.8320504561807,1798.532324615799,50.0
3,0.04065490634793978,0.04852362998180593,0.9176470588235294,500,0.02370307029759635,0.02633050028419436,0.011011227043876644,0.05833358542720413,44.800000000000004,4.0,2.0,0.0,3.0,86.8,83.30297885679472,106.75153584394434,0.0,351.6772140265353,43.8,1198.0240578759508,1451.4242209780757,1006.8486548002774,2208.3864442012855,31.6
4,0.04903596370725616,0.04852362998180593,1.0,500,0.03521639028889787,0.028822442210298234,0.010534742063125678,0.06368444647893749,58.8,5.0,2.0,1.0,4.0,92.4,208.24398667391364,135.83910949366694,18.08388903596642,442.6778190282794,60.8,1329.9028683154465,1571.1830426342863,1065.5929426822963,2340.9792608535504,33.800000000000004
5,0.0574785509225364,0.04852362998180593,1.0,500,0.05536442298126062,0.027348755990228756,0.009308530974217816,0.05741404097845818,81.2,2.0,2.0,0.0,3.0,49.0,412.35386411039696,125.84370633769649,0.0,385.15343743839446,85.8,1082.3991254213627,1637.444822528143,1114.0854637565542,2403.9121882026116,15.4
6,0.06599480122072587,0.04852362998180593,0.9913793103448276,500,0.014816764350252627,0.027544644246614902,0.011309351896412993,0.05011810802675453,23.200000000000003,2.0,2.0,0.0,3.0,47.199999999999996,26.774269909782745,116.37492095017994,0.0,332.2341298807402,23.799999999999997,1394.0026323284367,1571.2675601419385,1083.8655978624895,2384.789626726285,38.07615230460922
7,0.08323628122763571,0.10005315893672084,0.9178470254957507,500,0.021654062367073814,0.02982458031512708,0.010335491851194116,0.06484473074024291,36.199999999999996,2.0,2.0,0.0,4.0,42.0,22.58514589205314,128.79550173134092,0.0,390.87488850432595,22.2,1341.4853461817952,1344.6516334471698,940.0667533864683,2203.9383539877617,49.298597194388776
8,0.09194921319107974,0.10005315893672084,1.0,500,0.020040200458268837,0.029996953351358626,0.012672697917875552,0.0617187719236341,29.599999999999998,0.0,2.0,1.0,4.0,0.0,0.0,162.4050445373467,24.838689907630517,406.77133167417304,0.0,2402.259745738779,1495.8061691868231,1016.5819026540707,2219.577365363942,88.2
9,0.1007358904965987,0.10005315893672084,0.8356545961002786,500,0.015718897084625535,0.029404597864447456,0.01088416350374783,0.062041407780810826,23.799999999999997,3.0,2.0,0.0,3.0,72.6,31.09511382092798,103.0608407922985,0.0,354.58144656183214,29.4,1497.2111390577638,1374.9245371585146,943.6532388759157,2007.2959367239764,57.599999999999994
10,0.10959623088502624,0.10005315893672084,1.0,500,0.03694972473986518,0.031183494714090473,0.010670611845625566,0.06628730481614421,57.199999999999996,3.0,2.0,1.0,4.0,63.0,169.51460938907186,139.2095655986755,19.47639279123878,442.5833158689331,55.00000000000001,1739.9420865573159,1487.49759530594,1026.0842701695128,2239.63416236732,64.8
11,0.11853031661552893,0.10005315893672084,1.0,500,0.03979683524413038,0.028931136343410546,0.012894372102661145,0.06250886399864262,66.60000000000001,7.0,2.0,1.0,4.0,98.6,124.43835291677344,129.99824368999157,19.33947586634771,405.80887416443665,48.8,1007.1892905871382,1505.2515313136973,1025.2551153014642,2292.0268528826937,15.0
12,0.1275381888176892,0.15411509849106242,1.0,500,0.019163429452741822,0.03310489980804907,0.014467151006982927,0.067826955591051,25.0,2.0,2.0,1.0,4.0,34.599999999999994,59.744455012338406,163.07531034992238,22.359051902242367,451.7856690595266,26.200000000000003,1278.4408314193113,1467.0841062496634,988.812337298146,2136.651259592826,36.0
13,0.1366197652323411,0.15411509849106242,1.0,500,0.020806883414156756,0.034087393604067984,0.014230280565535632,0.06865598040239958,27.400000000000002,1.0,2.0,1.0,4.0,11.4,9.495082699004447,150.77928214775073,22.218813205602025,468.4808724298144,11.4,1901.0301382723121,1471.1986181996506,979.6569750013152,2138.631060801301,75.4
14,0.14577508698906771,0.15411509849106242,0.9171122994652406,500,0.0667193230142913,0.031411074451966906,0.011607661807880162,0.07144077367753773,82.19999999999999,4.0,2.0,1.0,4.0,81.2,457.5737274661162,143.2875260880482,18.67483974065663,434.7319538597389,85.0,910.9178218504156,1351.6234591203342,928.3454548553073,2097.2119041376836,14.6
