k_s_per_km,P_k_mean_km_per_s,P_k_std,P_k_err
0.000000e+00,3.478564e-01,7.211873e-01,1.274891e-01
6.305594e-03,4.814286e-01,9.232972e-01,1.632174e-01
1.261119e-02,3.945133e-01,9.331053e-01,1.649513e-01
1.891678e-02,3.308700e-01,6.721418e-01,1.188190e-01
2.522238e-02,3.466969e-01,7.503035e-01,1.326362e-01
3.152797e-02,1.978959e-01,4.081216e-01,7.214639e-02
3.783357e-02,1.142336e-01,2.599342e-01,4.595030e-02
4.413916e-02,1.096551e-01,2.240000e-01,3.959798e-02
5.044475e-02,5.842311e-02,1.040232e-01,1.838888e-02
5.675035e-02,4.822159e-02,7.338256e-02,1.297233e-02
6.305594e-02,3.983639e-02,5.495557e-02,9.714864e-03
6.936154e-02,3.523824e-02,4.774528e-02,8.440253e-03
7.566713e-02,2.337418e-02,2.558629e-02,4.523060e-03
8.197273e-02,2.286376e-02,2.077468e-02,3.672480e-03
8.827832e-02,1.921014e-02,2.123471e-02,3.753802e-03
9.458391e-02,2.291408e-02,2.116266e-02,3.741066e-03
1.008895e-01,1.376832e-02,1.350491e-02,2.387354e-03
1.071951e-01,1.715044e-02,1.926429e-02,3.405477e-03
1.135007e-01,1.732760e-02,1.466151e-02,2.591813e-03
1.198063e-01,1.485788e-02,1.078848e-02,1.907152e-03
1.261119e-01,1.881201e-02,1.943543e-02,3.435731e-03
1.324175e-01,1.320382e-02,1.138202e-02,2.012076e-03
1.387231e-01,1.841859e-02,2.394388e-02,4.232720e-03
1.450287e-01,1.587772e-02,1.347184e-02,2.381508e-03
1.513343e-01,1.872340e-02,2.209653e-02,3.906152e-03
1.576399e-01,1.454577e-02,1.024629e-02,1.811305e-03
1.639455e-01,1.898151e-02,1.938751e-02,3.427260e-03
1.702510e-01,1.575742e-02,1.790838e-02,3.165785e-03
1.765566e-01,1.126166e-02,9.044721e-03,1.598896e-03
1.828622e-01,1.587618e-02,1.619952e-02,2.863697e-03
1.891678e-01,1.002923e-02,1.112366e-02,1.966403e-03
1.954734e-01,1.288354e-02,1.319189e-02,2.332019e-03
2.017790e-01,1.475617e-02,1.640186e-02,2.899466e-03
2.080846e-01,1.103327e-02,1.176407e-02,2.079613e-03
2.143902e-01,1.534155e-02,1.512899e-02,2.674453e-03
2.206958e-01,1.132415e-02,1.030069e-02,1.820921e-03
2.270014e-01,1.285992e-02,1.138952e-02,2.013401e-03
2.333070e-01,1.262352e-02,1.147408e-02,2.028350e-03
2.396126e-01,8.626775e-03,7.641874e-03,1.350905e-03
2.459182e-01,1.127681e-02,8.683645e-03,1.535066e-03
2.522238e-01,1.037529e-02,8.715275e-03,1.540658e-03
2.585294e-01,1.017602e-02,9.674351e-03,1.710200e-03
2.648350e-01,9.162454e-03,9.936351e-03,1.756515e-03
2.711406e-01,1.474298e-02,1.409082e-02,2.490928e-03
2.774462e-01,8.754375e-03,8.247644e-03,1.457991e-03
2.837517e-01,8.899354e-03,8.997613e-03,1.590568e-03
2.900573e-01,8.334766e-03,9.718207e-03,1.717953e-03
2.963629e-01,8.667116e-03,7.284714e-03,1.287768e-03
3.026685e-01,8.937372e-03,8.484425e-03,1.499849e-03
3.089741e-01,1.046145e-02,1.179271e-02,2.084676e-03
3.152797e-01,7.903476e-03,8.456230e-03,1.494864e-03
3.215853e-01,1.097193e-02,1.214443e-02,2.146852e-03
3.278909e-01,9.329630e-03,1.582909e-02,2.798214e-03
3.341965e-01,8.960081e-03,7.246643e-03,1.281038e-03
3.405021e-01,9.017492e-03,6.762340e-03,1.195424e-03
3.468077e-01,7.089294e-03,6.457282e-03,1.141497e-03
3.531133e-01,8.181424e-03,7.458941e-03,1.318567e-03
3.594189e-01,8.155037e-03,7.716197e-03,1.364044e-03
3.657245e-01,7.999191e-03,8.222642e-03,1.453571e-03
3.720301e-01,8.729075e-03,8.262457e-03,1.460610e-03
3.783357e-01,6.807252e-03,5.800219e-03,1.025343e-03
3.846413e-01,7.535908e-03,8.739383e-03,1.544919e-03
3.909468e-01,5.277336e-03,4.342903e-03,7.677240e-04
3.972524e-01,7.282563e-03,7.009341e-03,1.239088e-03
4.035580e-01,8.987365e-03,9.352274e-03,1.653264e-03
4.098636e-01,5.594134e-03,4.604268e-03,8.139272e-04
4.161692e-01,8.537853e-03,7.783180e-03,1.375885e-03
4.224748e-01,8.745108e-03,7.018053e-03,1.240628e-03
4.287804e-01,7.718329e-03,6.064992e-03,1.072149e-03
4.350860e-01,7.981099e-03,1.014739e-02,1.793822e-03
4.413916e-01,7.699082e-03,8.119825e-03,1.435396e-03
4.476972e-01,7.215893e-03,6.823889e-03,1.206305e-03
4.540028e-01,6.386236e-03,8.050963e-03,1.423223e-03
